Date,Cases,lag_1,lag_2,lag_3,lag_4,roll4_mean,roll4_std,roll8_mean,growth_1w,growth_4w,zscore,week_sin,week_cos,Disease,Rt,surge,surge_onset
2020-02-02,8,4.0,0.0,0.0,0.0,3.0,3.8297084310253524,,2.0,,,0.5680647467311558,0.8229838658936564,COVID-19,1.5671646212386205,0,0
2020-02-09,3,8.0,4.0,0.0,0.0,3.75,3.304037933599835,,0.375,,,0.6631226582407952,0.7485107481711011,COVID-19,1.4448700109922132,0,0
2020-02-16,0,3.0,8.0,4.0,0.0,3.75,3.304037933599835,,0.0,,,0.7485107481711011,0.6631226582407953,COVID-19,0.9826200959912158,0,0
2020-02-23,7,0.0,3.0,8.0,4.0,4.5,3.696845502136472,2.75,,1.75,1.1496287842009763,0.8229838658936564,0.5680647467311559,COVID-19,0.9127505062702933,0,0
2020-03-01,3,7.0,0.0,3.0,8.0,3.25,2.872281323269014,3.125,0.42857142857142855,0.375,-0.04351941398892447,0.8854560256532099,0.4647231720437686,COVID-19,0.9296284145428957,0,0
2020-03-08,45,3.0,7.0,0.0,3.0,13.75,21.02974084481309,8.75,15.0,15.0,1.7237492495748434,0.9350162426854148,0.35460488704253557,COVID-19,1.6245516380457699,1,1
2020-03-15,179,45.0,3.0,7.0,0.0,58.5,82.53282175393416,31.125,3.977777777777778,,1.7917114289497937,0.970941817426052,0.23931566428755804,COVID-19,2.556133829358371,1,0
2020-03-22,832,179.0,45.0,3.0,7.0,264.75,385.5423668893818,134.625,4.648044692737431,118.85714285714286,1.8088154763029918,0.992708874098054,0.120536680255323,COVID-19,2.798592257856943,1,0
2020-03-29,2728,832.0,179.0,45.0,3.0,946.0,1236.7443821043485,474.625,3.2788461538461537,909.3333333333334,1.8220216178915094,1.0,-1.6081226496766364e-16,COVID-19,3.500805458267454,1,0
2020-04-05,1826,2728.0,832.0,179.0,45.0,1391.25,1119.2584971012432,702.5,0.6693548387096774,40.577777777777776,1.0037895650644975,0.992708874098054,-0.12053668025532288,COVID-19,2.20820872749162,1,0
2020-04-12,654,1826.0,2728.0,832.0,179.0,1510.0,961.9078264920537,784.25,0.35815991237677985,3.653631284916201,-0.1354079844375567,0.9709418174260521,-0.2393156642875575,COVID-19,1.3030240943748896,1,0
2020-04-19,297,654.0,1826.0,2728.0,832.0,1376.25,1112.9433573487318,820.5,0.4541284403669725,0.35697115384615385,-0.47037434254254284,0.9350162426854148,-0.35460488704253545,COVID-19,0.7605912212487144,0,0
2020-04-26,117,297.0,654.0,1826.0,2728.0,723.5,768.1321500887724,834.75,0.3939393939393939,0.04288856304985337,-0.9344095282524632,0.8854560256532099,-0.4647231720437685,COVID-19,0.5293724000743821,0,0
2020-05-03,80,117.0,297.0,654.0,1826.0,287.0,262.38521299798947,839.125,0.6837606837606838,0.04381161007667032,-2.8931698982816414,0.8229838658936565,-0.5680647467311557,COVID-19,0.5356245829312607,0,0
2020-05-10,146,80.0,117.0,297.0,654.0,160.0,95.24354746298381,835.0,1.825,0.22324159021406728,-7.2340858604387694,0.7485107481711013,-0.663122658240795,COVID-19,0.7137989781687272,0,0
2020-05-17,107,146.0,80.0,117.0,297.0,112.5,27.258026340883834,744.375,0.7328767123287672,0.3602693602693603,-23.383020913880785,0.6631226582407952,-0.7485107481711012,COVID-19,0.8674233243301985,0,0
2020-05-24,70,107.0,146.0,80.0,117.0,100.75,33.97425495872304,412.125,0.6542056074766355,0.5982905982905983,-10.070125170240354,0.5680647467311558,-0.8229838658936564,COVID-19,0.9443808739454528,0,0
2020-05-31,79,70.0,107.0,146.0,80.0,100.5,34.180891347851805,193.75,1.1285714285714286,0.9875,-3.3571389005691272,0.46472317204376906,-0.8854560256532096,COVID-19,0.9425816988033215,0,0
2020-06-07,70,79.0,70.0,107.0,146.0,81.5,17.521415467944276,120.75,0.8860759493670886,0.4794520547945205,-2.896455488590404,0.35460488704253584,-0.9350162426854147,COVID-19,0.8711502739435778,0,0
2020-06-14,47,70.0,79.0,70.0,107.0,66.5,13.674794331188929,89.5,0.6714285714285714,0.4392523364485981,-3.1079078025376723,0.23931566428755768,-0.970941817426052,COVID-19,0.8803533736749084,0,0
2020-06-21,134,47.0,70.0,79.0,70.0,82.5,36.882696936824594,91.625,2.851063829787234,1.9142857142857144,1.1489127292557544,0.12053668025532308,-0.992708874098054,COVID-19,1.0627319456505189,0,0
2020-06-28,205,134.0,47.0,70.0,79.0,114.0,70.9600826756399,107.25,1.5298507462686568,2.5949367088607596,1.3775350353919034,-3.216245299353273e-16,-1.0,COVID-19,1.2203321766332178,1,1
2020-07-05,721,205.0,134.0,47.0,70.0,276.75,303.1329466312325,179.125,3.5170731707317073,10.3,1.787582003282547,-0.12053668025532283,-0.992708874098054,COVID-19,1.6143325495979168,1,0
2020-07-12,1191,721.0,205.0,134.0,47.0,562.75,493.8126331582324,314.625,1.651872399445215,25.340425531914892,1.774711583207275,-0.23931566428755743,-0.9709418174260521,COVID-19,1.8898867154825252,1,0
2020-07-19,1888,1191.0,721.0,205.0,134.0,1001.25,715.2819374204835,541.875,1.5852225020990764,14.08955223880597,1.8819502207122993,-0.3546048870425356,-0.9350162426854148,COVID-19,1.7376939237966544,1,0
2020-07-26,2509,1888.0,1191.0,721.0,205.0,1577.25,784.6605954168976,845.625,1.3289194915254237,12.239024390243902,2.1198655950299545,-0.46472317204376806,-0.8854560256532101,COVID-19,1.597517446967365,1,0
2020-08-02,3332,2509.0,1888.0,1191.0,721.0,2230.0,910.8109939315989,1253.375,1.3280191311279395,4.621359223300971,2.282169422469776,-0.5680647467311556,-0.8229838658936565,COVID-19,1.348340268009652,1,0
2020-08-09,3416,3332.0,2509.0,1888.0,1191.0,2786.25,725.2927569839186,1674.5,1.0252100840336134,2.868178001679261,2.4010993950110726,-0.663122658240795,-0.7485107481711013,COVID-19,1.233809772850167,1,0
2020-08-16,2337,3416.0,3332.0,2509.0,1888.0,2898.5,554.5932443391886,1949.875,0.6841334894613583,1.2378177966101696,0.698034106890842,-0.7485107481711011,-0.6631226582407952,COVID-19,1.0594481662739599,0,0
2020-08-23,1567,2337.0,3416.0,3332.0,2509.0,2663.0,879.7844432965765,2120.125,0.670517757809157,0.6245516141889199,-0.6287051381897882,-0.8229838658936564,-0.5680647467311559,COVID-19,0.9032169717697781,0,0
2020-08-30,945,1567.0,2337.0,3416.0,3332.0,2066.25,1064.829055138273,2148.125,0.603063178047224,0.28361344537815125,-1.1298761939246378,-0.8854560256532096,-0.4647231720437691,COVID-19,0.7717399806392938,0,0
2020-09-06,660,945.0,1567.0,2337.0,3416.0,1377.25,743.5080698956806,2081.75,0.6984126984126984,0.19320843091334894,-1.9122186531203105,-0.9350162426854147,-0.3546048870425359,COVID-19,0.7194697507954393,0,0
2020-09-13,400,660.0,945.0,1567.0,2337.0,893.0,501.4372675951933,1895.75,0.6060606060606061,0.17115960633290545,-2.982925475749657,-0.970941817426052,-0.23931566428755774,COVID-19,0.708271955798947,0,0
2020-09-20,278,400.0,660.0,945.0,1567.0,570.75,296.02181788960564,1616.875,0.695,0.17740906190172304,-4.522892973041946,-0.992708874098054,-0.12053668025532357,COVID-19,0.7126826350075054,0,0
2020-09-27,131,278.0,400.0,660.0,945.0,367.25,224.01990238964675,1216.75,0.4712230215827338,0.13862433862433862,-4.846667588094524,-1.0,-1.8369701987210297e-16,COVID-19,0.6857413988995936,0,0
2020-10-04,105,131.0,278.0,400.0,660.0,228.5,137.38146405780827,802.875,0.8015267175572519,0.1590909090909091,-5.079833766412211,-0.992708874098054,0.1205366802553232,COVID-19,0.6873399488113989,0,0
2020-10-11,123,105.0,131.0,278.0,400.0,159.25,79.90984503384756,526.125,1.1714285714285715,0.3075,-5.044747613128865,-0.9709418174260521,0.23931566428755738,COVID-19,0.7706856626113965,0,0
2020-10-18,139,123.0,105.0,131.0,278.0,124.5,14.54876856187023,347.625,1.1300813008130082,0.5,-14.339701612050488,-0.9350162426854148,0.35460488704253557,COVID-19,0.8929066730161107,0,0
2020-10-25,116,139.0,123.0,105.0,131.0,120.75,14.244882121901309,244.0,0.8345323741007195,0.8854961832061069,-8.985683342595147,-0.8854560256532101,0.464723172043768,COVID-19,1.0029072241040975,0,0
2020-11-01,91,116.0,139.0,123.0,105.0,117.25,19.972898304123607,172.875,0.7844827586206896,0.8666666666666667,-4.099304905743002,-0.822983865893657,0.5680647467311548,COVID-19,0.9735316272307065,0,0
2020-11-08,62,91.0,116.0,139.0,123.0,102.0,33.095820481346735,130.625,0.6813186813186813,0.5040650406504065,-2.0735246626889943,-0.7485107481711011,0.6631226582407952,COVID-19,0.8698823507888155,0,0
2020-11-15,59,62.0,91.0,116.0,139.0,82.0,26.87005768509247,103.25,0.9516129032258065,0.4244604316546763,-1.6468144772368665,-0.6631226582407955,0.7485107481711007,COVID-19,0.8337800823876124,0,0
2020-11-22,96,59.0,62.0,91.0,116.0,77.0,19.20069443189135,98.875,1.6271186440677967,0.8275862068965517,-0.14973416769889195,-0.5680647467311559,0.8229838658936564,COVID-19,0.9389027700199414,0,0
2020-11-29,78,96.0,59.0,62.0,91.0,73.75,17.017148213890895,95.5,0.8125,0.8571428571428571,-1.0283744244358735,-0.4647231720437684,0.88545602565321,COVID-19,1.010020175045157,0,0
2020-12-06,71,78.0,96.0,59.0,62.0,76.0,15.470401847836083,89.0,0.9102564102564102,1.1451612903225807,-1.1635121166886653,-0.35460488704253595,0.9350162426854147,COVID-19,1.043519112440398,0,0
2020-12-13,69,71.0,78.0,96.0,59.0,78.5,12.288205727452512,80.25,0.971830985915493,1.1694915254237288,-0.915512016116958,-0.2393156642875578,0.970941817426052,COVID-19,1.0008061926690335,0,0
2020-12-20,103,69.0,71.0,78.0,96.0,80.25,15.649813630419482,78.625,1.4927536231884058,1.0729166666666667,1.5575265351800005,-0.12053668025532363,0.992708874098054,COVID-19,1.0014473287953958,0,0
2020-12-27,168,103.0,69.0,71.0,78.0,102.75,46.20515844217898,88.25,1.6310679611650485,2.1538461538461537,1.7259977606136543,6.432490598706546e-16,1.0,COVID-19,1.1599676102598464,0,0
2021-01-03,187,168.0,103.0,69.0,71.0,131.75,55.16868072859392,103.875,1.1130952380952381,2.6338028169014085,1.506742573906001,0.12053668025532314,0.992708874098054,COVID-19,1.246170250068176,0,0
2021-01-10,112,187.0,168.0,103.0,69.0,142.5,41.31585652022958,110.5,0.5989304812834224,1.6231884057971016,0.03630567356786012,0.12053668025532305,0.992708874098054,COVID-19,1.1294975023356275,0,0
2021-01-17,113,112.0,187.0,168.0,103.0,145.0,38.323187063015304,112.625,1.0089285714285714,1.0970873786407767,0.009785198694027789,0.23931566428755774,0.970941817426052,COVID-19,0.9829481022149567,0,0
2021-01-24,58,113.0,112.0,187.0,168.0,117.5,52.98112871580029,110.125,0.5132743362831859,0.34523809523809523,-0.9838408743537211,0.3546048870425356,0.9350162426854148,COVID-19,0.8149113827811786,0,0
2021-01-31,45,58.0,113.0,112.0,187.0,82.0,35.61834733205436,106.875,0.7758620689655172,0.24064171122994651,-1.7371665064402422,0.4647231720437685,0.8854560256532099,COVID-19,0.7616368013376038,0,0
2021-02-07,39,45.0,58.0,113.0,112.0,63.75,33.77745796632517,103.125,0.8666666666666667,0.3482142857142857,-1.8984554747704863,0.5680647467311558,0.8229838658936564,COVID-19,0.7909644734729866,0,0
2021-02-14,48,39.0,45.0,58.0,113.0,47.5,7.937253933206201,96.25,1.2307692307692308,0.4247787610619469,-6.078928607555552,0.6631226582407952,0.7485107481711011,COVID-19,0.8493997048970167,0,0
2021-02-21,28,48.0,39.0,45.0,58.0,40.0,8.831760866339017,78.75,0.5833333333333334,0.4827586206896552,-5.7463059482765555,0.7485107481711011,0.6631226582407953,COVID-19,0.8988444006966803,0,0
2021-02-28,44,28.0,48.0,39.0,45.0,39.75,8.655441448410588,60.875,1.5714285714285714,0.9777777777777777,-1.9496405932130454,0.8229838658936564,0.5680647467311559,COVID-19,0.9716874177181282,0,0
2021-03-07,67,44.0,28.0,48.0,39.0,46.75,16.028620235905024,55.25,1.5227272727272727,1.7179487179487178,0.7330637214599002,0.8854560256532099,0.4647231720437686,COVID-19,1.079711060531912,0,0
2021-03-14,80,67.0,44.0,28.0,48.0,54.75,23.22893310794817,51.125,1.1940298507462686,1.6666666666666667,1.2430618257762314,0.9350162426854148,0.35460488704253557,COVID-19,1.157131432101442,0,0
2021-03-21,79,80.0,67.0,44.0,28.0,67.5,16.74315780650504,53.75,0.9875,2.8214285714285716,1.508078720382716,0.970941817426052,0.23931566428755804,COVID-19,1.2283120819537097,0,0
2021-03-28,64,79.0,80.0,67.0,44.0,72.5,8.185352771884505,56.125,0.810126582278481,1.4545454545454546,0.9620843743044868,0.992708874098054,0.120536680255323,COVID-19,1.0731032312170428,0,0
2021-04-04,88,64.0,79.0,80.0,67.0,77.75,10.012492197260249,62.25,1.375,1.3134328358208955,2.5717872726079185,1.0,-1.6081226496766364e-16,COVID-19,1.025316218254393,0,0
2021-04-11,57,88.0,64.0,79.0,80.0,72.0,14.071247279477301,63.375,0.6477272727272727,0.7125,-0.45305152225544637,0.992708874098054,-0.12053668025532288,COVID-19,0.9568485063755199,0,0
2021-04-18,114,57.0,88.0,64.0,79.0,80.75,25.837634050615602,74.125,2.0,1.4430379746835442,1.5432914608932604,0.9709418174260521,-0.2393156642875575,COVID-19,1.049249600954606,0,0
2021-04-25,147,114.0,57.0,88.0,64.0,101.5,38.249182997813136,87.0,1.2894736842105263,2.296875,1.5686609568479004,0.9350162426854148,-0.35460488704253545,COVID-19,1.1611821673105178,0,0
2021-05-02,160,147.0,114.0,57.0,88.0,119.5,45.945620030642715,98.625,1.08843537414966,1.8181818181818181,1.3358182990906837,0.8854560256532099,-0.4647231720437685,COVID-19,1.181461883067523,0,0
2021-05-09,97,160.0,147.0,114.0,57.0,129.5,29.057414429600076,100.75,0.60625,1.7017543859649122,-0.12905484103155326,0.8229838658936565,-0.5680647467311557,COVID-19,1.115008889881644,0,0
2021-05-16,52,97.0,160.0,147.0,114.0,114.0,49.457052075514945,97.375,0.5360824742268041,0.45614035087719296,-0.9174626892585077,0.7485107481711013,-0.663122658240795,COVID-19,0.8571692924725939,0,0
2021-05-23,36,52.0,97.0,160.0,147.0,86.25,55.53602434456573,93.875,0.6923076923076923,0.24489795918367346,-1.0421163683039754,0.6631226582407952,-0.7485107481711012,COVID-19,0.7370143255272343,0,0
2021-05-30,87,36.0,52.0,97.0,160.0,68.0,28.763402673076268,93.75,2.4166666666666665,0.54375,-0.23467320875489736,0.5680647467311558,-0.8229838658936564,COVID-19,0.8424361830923991,0,0
2021-06-06,357,87.0,36.0,52.0,97.0,133.0,150.84429057806662,131.25,4.103448275862069,3.6804123711340204,1.496576364507262,0.46472317204376906,-0.8854560256532096,COVID-19,1.2756146076965151,0,0
2021-06-13,58,357.0,87.0,36.0,52.0,134.5,149.79652866471974,124.25,0.16246498599439776,1.1153846153846154,-0.4422665904914476,0.35460488704253584,-0.9350162426854147,COVID-19,1.215529479798541,0,0
2021-06-20,87,58.0,357.0,87.0,36.0,147.25,140.5000000000007,116.75,1.5,2.4166666666666665,-0.2117437722419918,0.23931566428755768,-0.970941817426052,COVID-19,1.1104204573747138,0,0
2021-06-27,235,87.0,58.0,357.0,87.0,184.25,138.8221283993785,126.125,2.7011494252873565,2.7011494252873565,0.7842769827500169,0.12053668025532308,-0.992708874098054,COVID-19,1.0457867924722433,0,0
2021-07-04,276,235.0,87.0,58.0,357.0,164.0,107.6258952730872,148.5,1.174468085106383,0.773109243697479,1.184659135020292,-3.216245299353273e-16,-1.0,COVID-19,1.0710222357394814,0,0
2021-07-11,549,276.0,235.0,87.0,58.0,286.75,192.75956526201287,210.625,1.9891304347826086,9.46551724137931,1.7554252082902138,-0.12053668025532283,-0.992708874098054,COVID-19,1.5541037961418522,1,1
2021-07-18,875,549.0,276.0,235.0,87.0,483.75,295.73115606352144,315.5,1.5938069216757742,10.057471264367816,1.8919210523757681,-0.23931566428755743,-0.9709418174260521,COVID-19,1.5335680960008788,1,0
2021-07-25,1260,875.0,549.0,276.0,235.0,740.0,424.42195984656615,462.125,1.44,5.361702127659575,1.8799097961105542,-0.3546048870425356,-0.9350162426854148,COVID-19,1.4244810707499986,1,0
2021-08-01,1667,1260.0,875.0,549.0,276.0,1087.75,483.29244079887445,625.875,1.323015873015873,6.0398550724637685,2.15423398362912,-0.46472317204376806,-0.8854560256532101,COVID-19,1.4152730806145433,1,0
2021-08-08,2313,1667.0,1260.0,875.0,549.0,1528.75,614.7565236199886,907.75,1.3875224955008998,4.213114754098361,2.2858643153962763,-0.5680647467311556,-0.8229838658936565,COVID-19,1.3183570400442761,1,0
2021-08-15,3613,2313.0,1667.0,1260.0,875.0,2213.25,1028.96788903574,1348.5,1.5620406398616515,4.129142857142857,2.2007489486597045,-0.663122658240795,-0.7485107481711013,COVID-19,1.3104912994793223,1,0
2021-08-22,6133,3613.0,2313.0,1667.0,1260.0,3431.5,1974.4659193479806,2085.75,1.6974813174647108,4.867460317460317,2.049794813038103,-0.7485107481711011,-0.6631226582407952,COVID-19,1.3625276230642491,1,0
2021-08-29,8140,6133.0,3613.0,2313.0,1667.0,5049.75,2599.8158107835256,3068.75,1.3272460459807598,4.883023395320936,1.9506189549911384,-0.8229838658936564,-0.5680647467311559,COVID-19,1.385018540001596,1,0
2021-09-05,11094,8140.0,6133.0,3613.0,2313.0,7245.0,3164.584964888761,4386.875,1.3628992628992629,4.796368352788586,2.1194327453413035,-0.8854560256532096,-0.4647231720437691,COVID-19,1.3636047917251348,1,0
2021-09-12,12596,11094.0,8140.0,6133.0,3613.0,9490.75,2904.708749025738,5852.0,1.1353884982873625,3.4862994741212288,2.3217474048859423,-0.9350162426854147,-0.3546048870425359,COVID-19,1.274788862480492,1,0
2021-09-19,12301,12596.0,11094.0,8140.0,6133.0,11032.75,2035.023566612109,7232.125,0.9765798666243252,2.0057068318930376,2.4908188205597157,-0.970941817426052,-0.23931566428755774,COVID-19,1.1544892685097048,0,0
2021-09-26,12498,12301.0,12596.0,11094.0,8140.0,12122.25,696.3899171201929,8586.0,1.0160149581334852,1.5353808353808354,5.617542563191378,-0.992708874098054,-0.12053668025532357,COVID-19,1.078408775755639,0,0
2021-10-03,15401,12498.0,12301.0,12596.0,11094.0,13199.0,1473.1166507329517,10222.0,1.2322771643462953,1.3882278709212186,3.515675420153034,-1.0,-1.8369701987210297e-16,COVID-19,1.0522488678445174,0,0
2021-10-10,15281,15401.0,12498.0,12301.0,12596.0,13870.25,1700.884745262497,11680.5,0.992208298162457,1.2131629088599556,2.116839491934144,-0.992708874098054,0.1205366802553232,COVID-19,1.0491921198554077,0,0
2021-10-17,15347,15281.0,15401.0,12498.0,12301.0,14631.75,1423.3461455317192,12832.25,1.0043190890648517,1.2476221445410942,1.7667873748732885,-0.9709418174260521,0.23931566428755738,COVID-19,1.0518585480947489,0,0
2021-10-24,13759,15347.0,15281.0,15401.0,12498.0,14947.0,793.518745840325,13534.625,0.8965270085358702,1.1008961433829412,0.2827595456013961,-0.9350162426854148,0.35460488704253557,COVID-19,1.0149386543516887,0,0
2021-10-31,10046,13759.0,15347.0,15281.0,15401.0,13608.25,2485.537819064518,13403.625,0.7301402718220801,0.6522953054996429,-1.3508645791854053,-0.8854560256532101,0.464723172043768,COVID-19,0.9273928621843023,0,0
2021-11-07,9666,10046.0,13759.0,15347.0,15281.0,12204.5,2792.5425093750437,13037.375,0.9621739996018316,0.6325502257705647,-1.207277951430181,-0.822983865893657,0.5680647467311548,COVID-19,0.900093746855872,0,0
2021-11-14,8701,9666.0,10046.0,13759.0,15347.0,10543.0,2217.4879180429975,12587.375,0.9001655286571487,0.5669511956734216,-1.7526025591290921,-0.7485107481711011,0.6631226582407952,COVID-19,0.8896675710593924,0,0
2021-11-21,9330,8701.0,9666.0,10046.0,13759.0,9435.75,570.514606882827,12191.375,1.07229054131709,0.6781016062213824,-5.015428116089712,-0.6631226582407955,0.7485107481711007,COVID-19,0.9302235170643756,0,0
2021-11-28,9744,9330.0,8701.0,9666.0,10046.0,9360.25,474.788637185011,11484.25,1.0443729903536978,0.9699382838940872,-3.665315181757133,-0.5680647467311559,0.8229838658936564,COVID-19,0.9924531313144618,0,0
2021-12-05,10526,9744.0,9330.0,8701.0,9666.0,9575.25,765.2587253123395,10889.875,1.0802545155993433,1.0889716532174634,-0.4754927816752234,-0.4647231720437684,0.88545602565321,COVID-19,1.0225371659482092,0,0
2021-12-12,13403,10526.0,9744.0,9330.0,8701.0,10750.75,1836.3930906353721,10646.875,1.2733231996959908,1.5403976554419032,1.500836075922291,-0.35460488704253595,0.9350162426854147,COVID-19,1.0804326549413383,0,0
2021-12-19,31489,13403.0,10526.0,9744.0,9330.0,16290.5,10253.750224511356,12863.125,2.3493993881966726,3.37502679528403,1.8164939258492245,-0.2393156642875578,0.970941817426052,COVID-19,1.2413328890112187,1,1
2021-12-26,99764,31489.0,13403.0,10526.0,9744.0,38795.5,41691.27255193825,24077.875,3.1682174727682684,10.238505747126437,1.8153949344125095,-0.12053668025532363,0.992708874098054,COVID-19,1.570850209753003,1,0
2022-01-02,289614,99764.0,31489.0,13403.0,10526.0,108567.5,126296.8909580385,59071.375,2.9029910588990018,27.51415542466274,1.8254022189397887,6.432490598706546e-16,1.0,COVID-19,1.9710783113641037,1,0
2022-01-09,588813,289614.0,99764.0,31489.0,13403.0,252420.0,249438.03851992314,131585.375,2.033095775756697,43.931433261210174,1.8330308709650964,0.12053668025532305,0.992708874098054,COVID-19,2.157052277323531,1,0
2022-01-16,462325,588813.0,289614.0,99764.0,31489.0,360129.0,212526.62007538413,188209.75,0.7851813733732101,14.682111213439613,1.2897925441188032,0.23931566428755774,0.970941817426052,COVID-19,1.7535938979998618,1,0
2022-01-23,347960,462325.0,588813.0,289614.0,99764.0,422178.0,132237.82924967672,230486.75,0.7526307251392419,3.487831281825107,0.8883482938773904,0.3546048870425356,0.9350162426854148,COVID-19,1.262461747861946,1,0
2022-01-30,267817,347960.0,462325.0,588813.0,289614.0,416728.75,139756.76176456243,262648.125,0.7696775491435798,0.9247377543903265,0.03698479368538612,0.4647231720437685,0.8854560256532099,COVID-19,0.9477867483468952,0,0
2022-02-06,201112,267817.0,347960.0,462325.0,588813.0,319803.5,112391.33241936406,286111.75,0.7509306728101651,0.34155495887488896,-0.7562838536591214,0.5680647467311558,0.8229838658936564,COVID-19,0.8092019682780496,0,0
2022-02-13,171754,201112.0,267817.0,347960.0,462325.0,247160.75,78302.47928546065,303644.875,0.8540216396833605,0.37150056778240415,-1.6843767426466374,0.6631226582407952,0.7485107481711011,COVID-19,0.8198140351563638,0,0
2022-02-20,160429,171754.0,201112.0,267817.0,347960.0,200278.0,48179.433558314005,311228.0,0.9340626710294957,0.4610558684906311,-3.1299454738810977,0.7485107481711011,0.6631226582407953,COVID-19,0.8550720032312196,0,0
2022-02-27,160402,160429.0,171754.0,201112.0,267817.0,173424.25,19216.804735699265,295076.5,0.9998317012510207,0.5989238920606235,-7.008163003801237,0.8229838658936564,0.5680647467311559,COVID-19,0.9063659248596938,0,0
2022-03-06,195717,160402.0,160429.0,171754.0,201112.0,172075.5,16642.67054892314,245939.5,1.2201655839702747,0.9731741517164565,-3.0176947775517697,0.8854560256532099,0.4647231720437686,COVID-19,0.9904006415555531,0,0
2022-03-13,241848,195717.0,160402.0,160429.0,171754.0,189599.0,38603.720174787915,218379.875,1.2357025705482916,1.4081069436519673,0.6079239227137241,0.9350162426854148,0.35460488704253557,COVID-19,1.0718676867444195,0,0
2022-03-20,327240,241848.0,195717.0,160402.0,160429.0,231301.75,72130.48404280948,215789.875,1.3530812741887466,2.039780837629107,1.545118218447755,0.970941817426052,0.23931566428755804,COVID-19,1.1552085779759853,0,0
2022-03-27,385762,327240.0,241848.0,195717.0,160402.0,287641.75,85132.90015176267,230533.0,1.1788351057327955,2.4049700128427327,1.8233726294215291,0.992708874098054,0.120536680255323,COVID-19,1.195166629526981,0,0
2022-04-03,395982,385762.0,327240.0,241848.0,195717.0,337708.0,70719.55084698994,254891.75,1.0264930190117223,2.0232376339306244,1.9950671110067617,1.0,-1.6081226496766364e-16,COVID-19,1.1588449396370935,0,0
2022-04-10,359765,395982.0,385762.0,327240.0,241848.0,367187.25,30686.759048760134,278393.125,0.9085387719643823,1.4875665707386458,2.651693353172392,0.992708874098054,-0.12053668025532288,COVID-19,1.0804626324256286,0,0
2022-04-17,306184,359765.0,395982.0,385762.0,327240.0,361923.25,40165.51790922983,296612.5,0.8510666685197281,0.9356557878010023,0.23830142117501538,0.9709418174260521,-0.2393156642875575,COVID-19,0.9841932161920868,0,0
2022-04-24,289282,306184.0,359765.0,395982.0,385762.0,337803.25,49061.77767790994,312722.5,0.9447978993023802,0.7498976052592012,-0.4777751869059177,0.9350162426854148,-0.35460488704253545,COVID-19,0.9366593254683357,0,0
2022-05-01,272054,289282.0,306184.0,359765.0,395982.0,306821.25,37946.60158147667,322264.625,0.9404456551047076,0.6870362794268426,-1.3231916142000424,0.8854560256532099,-0.4647231720437685,COVID-19,0.926706274532563,0,0
2022-05-08,304061,272054.0,289282.0,306184.0,359765.0,292895.25,15797.4483883736,330041.25,1.1176494372440766,0.8451655942073298,-1.6445852115662303,0.8229838658936565,-0.5680647467311557,COVID-19,0.9649095628771855,0,0
2022-05-15,350375,304061.0,272054.0,289282.0,306184.0,303943.0,33604.55222138801,332933.125,1.152318120377161,1.144328247067123,0.519033102571708,0.7485107481711013,-0.663122658240795,COVID-19,1.0254181706317786,0,0
2022-05-22,311716,350375.0,304061.0,272054.0,289282.0,309551.5,32184.112586802734,323677.375,0.8896639315019622,1.0775506253413625,-0.3716546469236758,0.6631226582407952,-0.7485107481711012,COVID-19,1.0321209091243193,0,0
2022-05-29,240429,311716.0,350375.0,304061.0,272054.0,301645.25,45567.80169063086,304233.25,0.771307857152023,0.8837546957589302,-1.400204697895679,0.5680647467311558,-0.8229838658936564,COVID-19,0.982686272797817,0,0
2022-06-05,199964,240429.0,311716.0,350375.0,304061.0,275621.0,67954.56338368058,284258.125,0.8316966755258309,0.6576443542578627,-1.2404483349273259,0.46472317204376906,-0.8854560256532096,COVID-19,0.9089682189339369,0,0
2022-06-12,184472,199964.0,240429.0,311716.0,350375.0,234145.25,56840.409295822814,269044.125,0.9225260546898442,0.5264987513378523,-1.4878873331092495,0.35460488704253584,-0.9350162426854147,COVID-19,0.8731134448648629,0,0
2022-06-19,191043,184472.0,199964.0,240429.0,311716.0,203977.0,25116.9654085307,256764.25,1.035620581985342,0.6128751812547318,-2.616607895541334,0.23931566428755768,-0.970941817426052,COVID-19,0.9068742490103522,0,0
2022-06-26,204308,191043.0,184472.0,199964.0,240429.0,194946.75,8902.536169541492,248296.0,1.0694346299000748,0.8497643795049682,-4.941063890366144,0.12053668025532308,-0.992708874098054,COVID-19,0.9712532528381232,0,0
2022-07-03,0,204308.0,191043.0,184472.0,199964.0,144955.75,96988.70667033007,210288.375,0.0,0.0,-2.1681738237296195,-3.216245299353273e-16,-1.0,COVID-19,0.15030814698396527,0,0
2022-07-10,243697,0.0,204308.0,191043.0,184472.0,159762.0,108829.87939287015,196953.625,,1.3210514332798473,0.4295086538804189,-0.12053668025532283,-0.992708874098054,COVID-19,0.4048626075562977,0,0
2022-07-17,271605,243697.0,0.0,204308.0,191043.0,179902.5,123071.28648741209,191939.75,1.1145192595723379,1.4216956392016458,0.6473098012845447,-0.23931566428755743,-0.9709418174260521,COVID-19,1.0715887467032572,0,0
2022-07-24,303029,271605.0,243697.0,0.0,204308.0,204582.75,138525.1749499587,199764.75,1.1156974282505845,1.4831969379564187,0.7454547524470085,-0.3546048870425356,-0.9350162426854148,COVID-19,2.822296640330925,0,0
2022-07-31,319779,303029.0,271605.0,243697.0,0.0,284527.5,33759.41592602961,214741.625,1.055275237683522,,3.111350481600387,-0.46472317204376806,-0.8854560256532101,COVID-19,7.344783491693908,0,0
2022-08-07,259334,319779.0,303029.0,271605.0,243697.0,288436.75,27842.103971922243,224099.375,0.8109788322560268,1.0641657468085368,1.2655158904489707,-0.5680647467311556,-0.8229838658936565,COVID-19,1.0228594224861312,0,0
2022-08-14,200397,259334.0,319779.0,303029.0,271605.0,270634.75,53309.13998165163,225268.625,0.7727370880794651,0.737825150494284,-0.46655460974535545,-0.663122658240795,-0.7485107481711013,COVID-19,0.9417520298663073,0,0
2022-08-21,139178,200397.0,259334.0,319779.0,303029.0,229672.0,77557.06577310237,217127.375,0.6945113948811609,0.45928937494431227,-1.005058329927609,-0.7485107481711011,-0.6631226582407952,COVID-19,0.8530075261909607,0,0
2022-08-28,103184,139178.0,200397.0,259334.0,319779.0,175523.25,68791.68928184563,230025.375,0.7413815401859489,0.3226728459342233,-1.8438473647640732,-0.8229838658936564,-0.5680647467311559,COVID-19,0.7972033264886523,0,0
2022-09-04,79985,103184.0,139178.0,200397.0,259334.0,130686.0,52468.05056412897,209561.375,0.7751686307954722,0.3084246570060231,-2.4696243448501205,-0.8854560256532096,-0.4647231720437691,COVID-19,0.7889939943003552,0,0
2022-09-11,63392,79985.0,103184.0,139178.0,200397.0,96434.75,32837.75976296183,183534.75,0.7925486028630369,0.31633208081957315,-3.658676805824942,-0.9350162426854147,-0.3546048870425359,COVID-19,0.7990072028983154,0,0
2022-09-18,51273,63392.0,79985.0,103184.0,139178.0,74458.5,22477.628767287595,152065.25,0.8088244573447754,0.368398741180359,-4.484114007020445,-0.970941817426052,-0.23931566428755774,COVID-19,0.8226726570014168,0,0
2022-09-25,43401,51273.0,63392.0,79985.0,103184.0,59512.75,15933.649600243138,117518.0,0.8464689017611609,0.42061753760272913,-4.65160222921364,-0.992708874098054,-0.12053668025532357,COVID-19,0.842799050236834,0,0
2022-10-02,37578,43401.0,51273.0,63392.0,79985.0,48911.0,11166.548168525263,89798.5,0.8658325845026612,0.46981308995436644,-4.676512312658265,-1.0,-1.8369701987210297e-16,COVID-19,0.8620230085397478,0,0
2022-10-09,38674,37578.0,43401.0,51273.0,63392.0,42731.5,6229.695578436794,69583.125,1.0291660013837884,0.6100769813225644,-4.9615787177446595,-0.992708874098054,0.1205366802553232,COVID-19,0.9029673501404866,0,0
2022-10-16,31327,38674.0,37578.0,43401.0,51273.0,37745.0,4968.970047537848,56101.75,0.8100274085949216,0.6109843387357868,-4.985892400835868,-0.9709418174260521,0.23931566428755738,COVID-19,0.9171538447985909,0,0
2022-10-23,29620,31327.0,38674.0,37578.0,43401.0,34299.75,4495.119158598016,46906.25,0.945510262712676,0.6824727540840073,-3.845559903998499,-0.9350162426854148,0.35460488704253557,COVID-19,0.9283682848571964,0,0
2022-10-30,30363,29620.0,31327.0,38674.0,37578.0,32496.0,4177.5315678035195,40703.5,1.02508440243079,0.8079993613284369,-2.47526555626649,-0.8854560256532101,0.464723172043768,COVID-19,0.9469995182838661,0,0
2022-11-06,35763,30363.0,29620.0,31327.0,38674.0,31768.25,2753.327365811822,37249.875,1.1778480387313506,0.9247297926255366,-0.5400284101565936,-0.822983865893657,0.5680647467311548,COVID-19,0.9853558879170697,0,0
2022-11-13,52310,35763.0,30363.0,29620.0,31327.0,37014.0,10558.403509369284,37379.5,1.4626848977994016,1.6698055990040541,1.4140868917115186,-0.7485107481711011,0.6631226582407952,COVID-19,1.100069870634159,0,0
2022-11-20,73573,52310.0,35763.0,30363.0,29620.0,48002.25,19436.75510255407,41151.0,1.4064805964442746,2.4838960162052666,1.668076786939586,-0.6631226582407955,0.7485107481711007,COVID-19,1.2040714605772955,1,1
2022-11-27,83407,73573.0,52310.0,35763.0,30363.0,61263.25,21387.683720231642,46879.625,1.1336631644760986,2.74699469749366,1.7078696074716588,-0.5680647467311559,0.8229838658936564,COVID-19,1.2404425771450798,1,0
2022-12-04,97897,83407.0,73573.0,52310.0,35763.0,76796.75,19139.04773623795,54282.5,1.1737264258395579,2.7373822106646535,2.278822886126154,-0.4647231720437684,0.88545602565321,COVID-19,1.2151857128050896,1,0
2022-12-11,107902,97897.0,83407.0,73573.0,52310.0,90694.75,15212.138582395148,63854.375,1.1021992502323872,2.062741349646339,2.8955576996238954,-0.35460488704253595,0.9350162426854147,COVID-19,1.1459319301640953,0,0
2022-12-18,112016,107902.0,97897.0,83407.0,73573.0,100305.5,12730.577323907784,74153.875,1.0381271894867565,1.5225150530765363,2.974109031873648,-0.2393156642875578,0.970941817426052,COVID-19,1.09011984581417,0,0
2022-12-25,108322,112016.0,107902.0,97897.0,83407.0,106534.25,6047.546630659007,83898.75,0.9670225682045422,1.2987159351133597,4.038538516790002,-0.12053668025532363,0.992708874098054,COVID-19,1.053016014882912,0,0
2023-01-01,91518,108322.0,112016.0,107902.0,97897.0,104939.5,9136.578991431188,90868.125,0.844869924853677,0.9348396784375415,0.07112892042081509,6.432490598706546e-16,1.0,COVID-19,0.9897697154115693,0,0
2023-01-08,86989,91518.0,108322.0,112016.0,107902.0,99711.25,12309.032980566011,95203.0,0.9505124674927337,0.806185242164186,-0.6673148096173427,0.12053668025532305,0.992708874098054,COVID-19,0.951482120773792,0,0
2023-01-15,46003,86989.0,91518.0,108322.0,112016.0,83208.0,26446.657520374763,91756.75,0.5288369793881985,0.41068240251392657,-1.7300390404628965,0.23931566428755774,0.970941817426052,COVID-19,0.8546377717472973,0,0
2023-01-22,30909,46003.0,86989.0,91518.0,108322.0,63854.75,30025.30235623496,85194.5,0.6718909636328065,0.2853436974945071,-1.807991784926264,0.3546048870425356,0.9350162426854148,COVID-19,0.7779399542728882,0,0
2023-01-29,22041,30909.0,46003.0,86989.0,91518.0,46485.5,28757.186064240163,75712.5,0.7130932738037464,0.24083786796040124,-1.8663682837432076,0.4647231720437685,0.8854560256532099,COVID-19,0.7371182206790576,0,0
2023-02-05,18922,22041.0,30909.0,46003.0,86989.0,29468.75,12136.18760498241,64590.0,0.8584909940565311,0.21752175562427434,-3.7629609467516296,0.5680647467311558,0.8229838658936564,COVID-19,0.7426582810297465,0,0
2023-02-12,17067,18922.0,22041.0,30909.0,46003.0,22234.75,6136.234044590814,52721.375,0.9019659655427544,0.3709975436384584,-5.81046530182953,0.6631226582407952,0.7485107481711011,COVID-19,0.8233565964048892,0,0
2023-02-19,17927,17067.0,18922.0,22041.0,30909.0,18989.25,2171.107301968744,41422.0,1.0503896408273277,0.5799928823320069,-10.821666887995313,0.7485107481711011,0.6631226582407953,COVID-19,0.8997013255012918,0,0
2023-02-26,17814,17927.0,17067.0,18922.0,22041.0,17932.5,762.0745807740859,32209.0,0.993696658671278,0.8082210426024228,-18.8892273317634,0.8229838658936564,0.5680647467311559,COVID-19,0.963000735353623,0,0
2023-03-05,18262,17814.0,17927.0,17067.0,18922.0,17767.5,504.25952312474885,23618.125,1.0251487594027169,0.9651199661769368,-10.621762712203548,0.8854560256532099,0.4647231720437686,COVID-19,0.9977893662748228,0,0
2023-03-12,19780,18262.0,17814.0,17927.0,17067.0,18445.75,909.6147078087508,20340.25,1.0831234256926952,1.1589617390285345,-0.6159201200139282,0.9350162426854148,0.35460488704253557,COVID-19,1.0249417610722347,0,0
2023-03-19,21681,19780.0,18262.0,17814.0,17927.0,19384.25,1747.0745786395796,19186.75,1.0961071789686552,1.2094048083895799,1.427672310327035,0.970941817426052,0.23931566428755804,COVID-19,1.0388358755561375,0,0
2023-03-26,23014,21681.0,19780.0,18262.0,17814.0,20684.25,2090.152207375178,19308.375,1.0614824039481574,1.2919052430672504,1.7728972018997313,0.992708874098054,0.120536680255323,COVID-19,1.0551979734906218,0,0
2023-04-02,25521,23014.0,21681.0,19780.0,18262.0,22499.0,2412.4533846954764,20133.25,1.1089336925349786,1.3974920600153324,2.2333074015770444,1.0,-1.6081226496766364e-16,COVID-19,1.0666123826504361,0,0
2023-04-09,27650,25521.0,23014.0,21681.0,19780.0,24466.5,2653.011433571668,21456.125,1.0834214960228832,1.3978766430738119,2.3346582384160235,0.992708874098054,-0.12053668025532288,COVID-19,1.0676341889447072,0,0
2023-04-16,27055,27650.0,25521.0,23014.0,21681.0,25810.0,2068.5552123794027,22597.125,0.9784810126582278,1.2478667958120013,2.1550669633189186,0.9709418174260521,-0.2393156642875575,COVID-19,1.0504458197158422,0,0
2023-04-23,29966,27055.0,27650.0,25521.0,23014.0,27548.0,1844.713708590576,24116.125,1.107595638514138,1.3020769966107586,3.171156029663542,0.9350162426854148,-0.35460488704253545,COVID-19,1.047141431938346,0,0
2023-04-30,29431,29966.0,27055.0,27650.0,25521.0,28525.5,1393.2983647907802,25512.25,0.9821464326236401,1.1532071627287332,2.8125705871968387,0.8854560256532099,-0.4647231720437685,COVID-19,1.0291356677710866,0,0
2023-05-07,29663,29431.0,29966.0,27055.0,27650.0,29028.75,1333.9421214313095,26747.625,1.0078828446196189,1.0728028933092224,2.185533354979319,0.8229838658936565,-0.5680647467311557,COVID-19,1.017813235582187,0,0
2023-05-14,31859,29663.0,29431.0,29966.0,27055.0,30229.75,1108.0353108070733,28019.875,1.074031621885851,1.1775642210312327,3.4648038402347026,0.7485107481711013,-0.663122658240795,COVID-19,1.02519755889109,0,0
2023-05-21,37720,31859.0,29663.0,29431.0,29966.0,32168.25,3859.4636393323694,29858.125,1.1839668539502182,1.2587599279183075,2.037038235022727,0.6631226582407952,-0.7485107481711012,COVID-19,1.0433012935131487,0,0
2023-05-28,41012,37720.0,31859.0,29663.0,29431.0,35063.5,5224.170269047069,31794.5,1.0872746553552493,1.3934966531888144,1.7643950187866573,0.5680647467311558,-0.8229838658936564,COVID-19,1.0736031206362542,0,0
2023-06-04,39051,41012.0,37720.0,31859.0,29663.0,37410.5,3940.2616241389355,33219.625,0.9521847264215352,1.3164885547651957,1.4799461447624886,0.46472317204376906,-0.8854560256532096,COVID-19,1.0650803466113277,0,0
2023-06-11,33125,39051.0,41012.0,37720.0,31859.0,37727.0,3352.7428572233216,33978.375,0.8482497247189572,1.0397375937725604,-0.25453040580235525,0.35460488704253584,-0.9350162426854147,COVID-19,1.0088873028392882,0,0
2023-06-18,22769,33125.0,39051.0,41012.0,37720.0,33989.25,8197.17977416595,33078.75,0.687366037735849,0.6036320254506893,-1.2577191526885843,0.23931566428755768,-0.970941817426052,COVID-19,0.9083713267463995,0,0
2023-06-25,16822,22769.0,33125.0,39051.0,41012.0,27941.75,10011.455084884616,31502.625,0.7388115420088717,0.4101726324002731,-1.4663827461169894,0.12053668025532308,-0.992708874098054,COVID-19,0.8332496447121194,0,0
2023-07-02,13551,16822.0,22769.0,33125.0,39051.0,21566.75,8598.516320660328,29488.625,0.8055522530020212,0.3470077590842744,-1.8535319822217957,-3.216245299353273e-16,-1.0,COVID-19,0.8028788359043677,0,0
2023-07-09,10511,13551.0,16822.0,22769.0,33125.0,15913.25,5246.956729063241,26820.125,0.7756623127444469,0.3173132075471698,-3.1083017913341413,-0.12053668025532283,-0.992708874098054,COVID-19,0.8016042794678814,0,0
2023-07-16,7826,10511.0,13551.0,16822.0,22769.0,12177.5,3880.3203046478043,23083.375,0.7445533250880031,0.34371294303658484,-3.9319885478847936,-0.23931566428755743,-0.9709418174260521,COVID-19,0.8148478271175548,0,0
2023-07-23,6495,7826.0,10511.0,13551.0,16822.0,9595.75,3121.343233822371,18768.75,0.829925888065423,0.38610153370586137,-3.932201325058913,-0.3546048870425356,-0.9350162426854148,COVID-19,0.8247598009219406,0,0
2023-07-30,5525,6495.0,7826.0,10511.0,13551.0,7589.25,2164.1922858182825,14578.0,0.850654349499615,0.4077189875285957,-4.183084866960911,-0.46472317204376806,-0.8854560256532101,COVID-19,0.8362840238630178,0,0
2023-08-06,5410,5525.0,6495.0,7826.0,10511.0,6314.0,1119.3215206820737,11113.625,0.9791855203619909,0.514698886880411,-5.095609165563456,-0.5680647467311556,-0.8229838658936565,COVID-19,0.8765970260788531,0,0
2023-08-13,5116,5410.0,5525.0,6495.0,7826.0,5636.5,597.6835840660422,8907.0,0.9456561922365989,0.6537183746486072,-6.342821019459532,-0.663122658240795,-0.7485107481711013,COVID-19,0.9220585291228695,0,0
2023-08-20,5194,5116.0,5410.0,5525.0,6495.0,5311.25,189.1302461145833,7453.5,1.0152462861610634,0.7996920708237105,-11.946793526779937,-0.7485107481711011,-0.6631226582407952,COVID-19,0.9596739628967278,0,0
2023-08-27,5176,5194.0,5116.0,5410.0,5525.0,5224.0,128.4056073361395,6406.625,0.9965344628417405,0.9368325791855203,-9.58388831710812,-0.8229838658936564,-0.5680647467311559,COVID-19,0.9866375312706835,0,0
2023-09-03,5491,5176.0,5194.0,5116.0,5410.0,5244.25,167.84591146454193,5779.125,1.0608578052550233,1.0149722735674676,-1.7166042204183656,-0.8854560256532096,-0.4647231720437691,COVID-19,1.00325614699875,0,0
2023-09-10,5033,5491.0,5176.0,5194.0,5116.0,5223.5,192.33044479583268,5430.0,0.9165907849207795,0.983776387802971,-2.064155783664064,-0.9350162426854147,-0.3546048870425359,COVID-19,1.0018000393327464,0,0
2023-09-17,5017,5033.0,5491.0,5176.0,5194.0,5179.25,219.782278619917,5245.25,0.9968209815219551,0.9659222179437813,-1.0385277713619794,-0.970941817426052,-0.23931566428755774,COVID-19,0.9923809366356219,0,0
2023-09-24,5189,5017.0,5033.0,5491.0,5176.0,5182.5,219.8143155681544,5203.25,1.0342834363165239,1.0025115919629057,-0.06482744294050187,-0.992708874098054,-0.12053668025532357,COVID-19,0.9933245495043869,0,0
2023-10-01,5393,5189.0,5017.0,5033.0,5491.0,5158.0,174.82562739873933,5201.125,1.0393139333204857,0.9821526133673284,1.0975221588215711,-1.0,-1.8369701987210297e-16,COVID-19,0.9995686003294025,0,0
2023-10-08,5561,5393.0,5189.0,5017.0,5033.0,5290.0,237.19190541703313,5256.75,1.0311514926756906,1.1049076097754817,1.282716623339505,-0.992708874098054,0.1205366802553232,COVID-19,1.021580683489682,0,0
2023-10-15,4691,5561.0,5393.0,5189.0,5017.0,5208.5,377.0424379235881,5193.875,0.8435533177486063,0.9350209288419374,-1.3337358064237672,-0.9709418174260521,0.23931566428755738,COVID-19,0.9948964196581268,0,0
2023-10-22,5358,4691.0,5561.0,5393.0,5189.0,5250.75,383.54171871566047,5216.625,1.1421871669153698,1.0325688957409906,0.36860396953273467,-0.9350162426854148,0.35460488704253557,COVID-19,0.9940978438501656,0,0
2023-10-29,6347,5358.0,4691.0,5561.0,5393.0,5489.25,681.9855203707501,5323.625,1.1845837999253452,1.1768959762655293,1.5005817124147434,-0.8854560256532101,0.464723172043768,COVID-19,1.022928717803472,0,0
2023-11-05,7687,6347.0,5358.0,4691.0,5561.0,6020.75,1302.6000601343567,5655.375,1.211123365369466,1.3823053407660493,1.5596690512899622,-0.822983865893657,0.5680647467311548,COVID-19,1.0774727374401447,0,0
2023-11-12,10293,7687.0,6347.0,5358.0,4691.0,7421.25,2139.204271840824,6314.875,1.3390139196045272,2.1942016627584735,1.85962839190516,-0.7485107481711011,0.6631226582407952,COVID-19,1.1639537497037904,0,0
2023-11-19,10799,10293.0,7687.0,6347.0,5358.0,8781.5,2119.7216012160725,7016.125,1.0491596230447877,2.0154908547965658,1.784609355223717,-0.6631226582407955,0.7485107481711007,COVID-19,1.1596333904558975,0,0
2023-11-26,10282,10799.0,10293.0,7687.0,6347.0,9765.25,1406.3324346192226,7627.25,0.9521251967774794,1.6199779423349614,1.8877115642424886,-0.5680647467311559,0.8229838658936564,COVID-19,1.1079411753121342,0,0
2023-12-03,9620,10282.0,10799.0,10293.0,7687.0,10248.5,483.4476876167989,8134.625,0.9356156389807431,1.251463509821777,3.072462725641106,-0.4647231720437684,0.88545602565321,COVID-19,1.0357866428810167,0,0
2023-12-10,9981,9620.0,10282.0,10799.0,10293.0,10170.5,498.8002272072757,8795.875,1.0375259875259875,0.9696881375692218,2.37595120322093,-0.35460488704253595,0.9350162426854147,COVID-19,0.9861772295431237,0,0
2023-12-17,10497,9981.0,9620.0,10282.0,10799.0,10095.0,380.87355731532466,9438.25,1.051698226630598,0.9720344476340402,2.7797939228515736,-0.2393156642875578,0.970941817426052,COVID-19,0.9932319748359698,0,0
2023-12-24,11146,10497.0,9981.0,9620.0,10282.0,10311.0,662.8730396252588,10038.125,1.0618271887205868,1.084030344290994,1.6713230645589594,-0.12053668025532363,0.992708874098054,COVID-19,1.0197243321616756,0,0
2023-12-31,10734,11146.0,10497.0,9981.0,9620.0,10589.5,486.2787266531029,10419.0,0.9630360667504038,1.1158004158004158,0.6477766407098285,6.432490598706546e-16,1.0,COVID-19,1.0262280801869836,0,0
2024-01-07,9818,10734.0,11146.0,10497.0,9981.0,10548.75,556.0871484417077,10359.625,0.9146636854853736,0.9836689710449855,-0.9739930180328135,0.12053668025532305,0.992708874098054,COVID-19,0.9991671987043738,0,0
2024-01-14,11054,9818.0,10734.0,11146.0,10497.0,10688.0,606.2826623465575,10391.5,1.1258912202077815,1.0530627798418595,1.0927246334834297,0.23931566428755774,0.970941817426052,COVID-19,0.998158802951868,0,0
2024-01-21,10792,11054.0,9818.0,10734.0,11146.0,10599.5,539.2769851032306,10455.25,0.976298172607201,0.9682397272564148,0.6244471937468979,0.3546048870425356,0.9350162426854148,COVID-19,0.9972403107224641,0,0
2024-01-28,9043,10792.0,11054.0,9818.0,10734.0,10176.75,924.1556055820341,10383.125,0.8379355077835434,0.8424632010434134,-1.4501075272448172,0.4647231720437685,0.8854560256532099,COVID-19,0.9806846230095309,0,0
2024-02-04,7918,9043.0,10792.0,11054.0,9818.0,9701.75,1486.9365319324706,10125.25,0.8755943823952228,0.806477897738847,-1.4844278505494695,0.5680647467311558,0.8229838658936564,COVID-19,0.9516386122357051,0,0
2024-02-11,8100,7918.0,9043.0,10792.0,11054.0,8963.25,1315.0962892485718,9825.625,1.0229856024248547,0.7327664193956939,-1.3121662756618366,0.6631226582407952,0.7485107481711011,COVID-19,0.9294304768764288,0,0
2024-02-18,7461,8100.0,7918.0,9043.0,10792.0,8130.5,665.0746825197122,9365.0,0.9211111111111111,0.6913454410674573,-2.8628363852108705,0.7485107481711011,0.6631226582407953,COVID-19,0.935523317997656,0,0
2024-02-25,7398,7461.0,8100.0,7918.0,9043.0,7719.25,343.6891764303358,8948.0,0.991556091676719,0.8180913413690147,-4.509888894665782,0.8229838658936564,0.5680647467311559,COVID-19,0.9644301389587798,0,0
2024-03-03,7388,7398.0,7461.0,8100.0,7918.0,7586.75,343.6891764303358,8644.25,0.9986482833198161,0.9330639050265218,-3.655192208983154,0.8854560256532099,0.4647231720437686,COVID-19,0.9821535622997694,0,0
2024-03-10,6719,7388.0,7398.0,7461.0,8100.0,7241.5,349.82900584242,8102.375,0.9094477531131565,0.8295061728395061,-3.9544319564602928,0.9350162426854148,0.35460488704253557,COVID-19,0.9703074103293952,0,0
2024-03-17,6514,6719.0,7388.0,7398.0,7461.0,7004.75,456.07556025512827,7567.625,0.9694895073671678,0.8730733145690927,-2.310198335141228,0.970941817426052,0.23931566428755804,COVID-19,0.9715234543379195,0,0
2024-03-24,5201,6514.0,6719.0,7388.0,7398.0,6455.5,915.8203972370143,7087.375,0.7984341418483267,0.7030278453636117,-2.059765217821204,0.992708874098054,0.120536680255323,COVID-19,0.9368307209333052,0,0
2024-03-31,4698,5201.0,6514.0,6719.0,7388.0,5783.0,987.6581729839679,6684.875,0.9032878292636032,0.6358960476448294,-2.011703091563696,1.0,-1.6081226496766364e-16,COVID-19,0.9127918713508235,0,0
2024-04-07,4281,4698.0,5201.0,6514.0,6719.0,5173.5,969.5966515319809,6207.5,0.9112388250319284,0.6371483851763655,-1.986908676877229,0.992708874098054,-0.12053668025532288,COVID-19,0.9080162043269511,0,0
2024-04-14,4522,4281.0,4698.0,5201.0,6514.0,4675.5,389.80721730366884,5840.125,1.0562952581172622,0.6941971139085048,-3.3814792068694564,0.9709418174260521,-0.2393156642875575,COVID-19,0.929937203269997,0,0
2024-04-21,4424,4522.0,4281.0,4698.0,5201.0,4481.25,175.13685123933703,5468.375,0.978328173374613,0.8506056527590848,-5.963193883009732,0.9350162426854148,-0.35460488704253545,COVID-19,0.9719792157983236,0,0
2024-04-28,4657,4424.0,4522.0,4281.0,4698.0,4471.0,158.6463572289943,5127.0,1.0526672694394212,0.9912728820774798,-2.962564084100524,0.8854560256532099,-0.4647231720437685,COVID-19,1.0012046743288072,0,0
2024-05-05,4866,4657.0,4424.0,4522.0,4281.0,4617.25,191.37637435699767,4895.375,1.0448786772600387,1.1366503153468817,-0.15349334576274934,0.8229838658936565,-0.5680647467311557,COVID-19,1.0226877053899899,0,0
2024-05-12,6769,4866.0,4657.0,4424.0,4522.0,5179.0,1075.2639985891974,4927.25,1.39108096999589,1.4969040247678018,1.7128351757489066,0.7485107481711013,-0.663122658240795,COVID-19,1.0734312807981152,0,0
2024-05-19,8003,6769.0,4866.0,4657.0,4424.0,6073.75,1599.085024838276,5277.5,1.1823016693750923,1.808996383363472,1.7044121842587103,0.6631226582407952,-0.7485107481711012,COVID-19,1.1303338878853582,0,0
2024-05-26,0,8003.0,6769.0,4866.0,4657.0,4909.5,3518.170215703332,4690.25,0.0,0.0,-1.3331503913781935,0.5680647467311558,-0.8229838658936564,COVID-19,0.27992922335533976,0,0
2024-06-02,0,0.0,8003.0,6769.0,4866.0,3693.0,4293.963747711668,4155.125,,0.0,-0.9676665300712757,0.46472317204376906,-0.8854560256532096,COVID-19,0.13469616790825747,0,0
2024-06-09,0,0.0,0.0,8003.0,6769.0,2000.75,4001.4999999994207,3589.875,,0.0,-0.8971323253781132,0.35460488704253584,-0.9350162426854147,COVID-19,0.12621727099668856,0,0
2024-06-16,0,0.0,0.0,0.0,8003.0,0.0,,3036.875,,0.0,,0.23931566428755768,-0.970941817426052,COVID-19,0.24724512540360427,0,0
2024-06-23,0,0.0,0.0,0.0,0.0,0.0,,2454.75,,,,0.12053668025532308,-0.992708874098054,COVID-19,1.0,0,0
2024-06-30,0,0.0,0.0,0.0,0.0,0.0,,1846.5,,,,-3.216245299353273e-16,-1.0,COVID-19,1.0,0,0
2024-07-07,0,0.0,0.0,0.0,0.0,0.0,,1000.375,,,,-0.12053668025532283,-0.992708874098054,COVID-19,1.0,0,0
2024-07-14,0,0.0,0.0,0.0,0.0,0.0,,0.0,,,,-0.23931566428755743,-0.9709418174260521,COVID-19,1.0,0,0
2024-07-21,0,0.0,0.0,0.0,0.0,0.0,,0.0,,,,-0.3546048870425356,-0.9350162426854148,COVID-19,1.0,0,0
2024-07-28,0,0.0,0.0,0.0,0.0,0.0,,0.0,,,,-0.46472317204376806,-0.8854560256532101,COVID-19,1.0,0,0
2024-08-04,0,0.0,0.0,0.0,0.0,0.0,,0.0,,,,-0.5680647467311556,-0.8229838658936565,COVID-19,1.0,0,0
2024-08-11,0,0.0,0.0,0.0,0.0,0.0,,0.0,,,,-0.663122658240795,-0.7485107481711013,COVID-19,1.0,0,0
2024-08-18,0,0.0,0.0,0.0,0.0,0.0,,0.0,,,,-0.7485107481711011,-0.6631226582407952,COVID-19,1.0,0,0
2024-08-25,0,0.0,0.0,0.0,0.0,0.0,,0.0,,,,-0.8229838658936564,-0.5680647467311559,COVID-19,1.0,0,0
2024-09-01,0,0.0,0.0,0.0,0.0,0.0,,0.0,,,,-0.8854560256532096,-0.4647231720437691,COVID-19,1.0,0,0
2024-09-08,0,0.0,0.0,0.0,0.0,0.0,,0.0,,,,-0.9350162426854147,-0.3546048870425359,COVID-19,1.0,0,0
2024-09-15,0,0.0,0.0,0.0,0.0,0.0,,0.0,,,,-0.970941817426052,-0.23931566428755774,COVID-19,1.0,0,0
2024-09-22,0,0.0,0.0,0.0,0.0,0.0,,0.0,,,,-0.992708874098054,-0.12053668025532357,COVID-19,1.0,0,0
2024-09-29,0,0.0,0.0,0.0,0.0,0.0,,0.0,,,,-1.0,-1.8369701987210297e-16,COVID-19,1.0,0,0
2024-10-06,0,0.0,0.0,0.0,0.0,0.0,,0.0,,,,-0.992708874098054,0.1205366802553232,COVID-19,1.0,0,0
2024-10-13,0,0.0,0.0,0.0,0.0,0.0,,0.0,,,,-0.9709418174260521,0.23931566428755738,COVID-19,1.0,0,0
2024-10-20,0,0.0,0.0,0.0,0.0,0.0,,0.0,,,,-0.9350162426854148,0.35460488704253557,COVID-19,1.0,0,0
2024-10-27,0,0.0,0.0,0.0,0.0,0.0,,0.0,,,,-0.8854560256532101,0.464723172043768,COVID-19,1.0,0,0
2024-11-03,0,0.0,0.0,0.0,0.0,0.0,,0.0,,,,-0.822983865893657,0.5680647467311548,COVID-19,1.0,0,0
2024-11-10,0,0.0,0.0,0.0,0.0,0.0,,0.0,,,,-0.7485107481711011,0.6631226582407952,COVID-19,1.0,0,0
2024-11-17,0,0.0,0.0,0.0,0.0,0.0,,0.0,,,,-0.6631226582407955,0.7485107481711007,COVID-19,1.0,0,0
2024-11-24,0,0.0,0.0,0.0,0.0,0.0,,0.0,,,,-0.5680647467311559,0.8229838658936564,COVID-19,1.0,0,0
2024-12-01,0,0.0,0.0,0.0,0.0,0.0,,0.0,,,,-0.4647231720437684,0.88545602565321,COVID-19,1.0,0,0
2024-12-08,0,0.0,0.0,0.0,0.0,0.0,,0.0,,,,-0.35460488704253595,0.9350162426854147,COVID-19,1.0,0,0
2024-12-15,0,0.0,0.0,0.0,0.0,0.0,,0.0,,,,-0.2393156642875578,0.970941817426052,COVID-19,1.0,0,0
2024-12-22,0,0.0,0.0,0.0,0.0,0.0,,0.0,,,,-0.12053668025532363,0.992708874098054,COVID-19,1.0,0,0
2024-12-29,0,0.0,0.0,0.0,0.0,0.0,,0.0,,,,6.432490598706546e-16,1.0,COVID-19,1.0,0,0
2025-01-05,0,0.0,0.0,0.0,0.0,0.0,,0.0,,,,0.12053668025532305,0.992708874098054,COVID-19,1.0,0,0
2025-01-12,0,0.0,0.0,0.0,0.0,0.0,,0.0,,,,0.23931566428755774,0.970941817426052,COVID-19,1.0,0,0
2025-01-19,0,0.0,0.0,0.0,0.0,0.0,,0.0,,,,0.3546048870425356,0.9350162426854148,COVID-19,1.0,0,0
2025-01-26,0,0.0,0.0,0.0,0.0,0.0,,0.0,,,,0.4647231720437685,0.8854560256532099,COVID-19,1.0,0,0
2025-02-02,0,0.0,0.0,0.0,0.0,0.0,,0.0,,,,0.5680647467311558,0.8229838658936564,COVID-19,1.0,0,0
2025-02-09,0,0.0,0.0,0.0,0.0,0.0,,0.0,,,,0.6631226582407952,0.7485107481711011,COVID-19,1.0,0,0
2025-02-16,0,0.0,0.0,0.0,0.0,0.0,,0.0,,,,0.7485107481711011,0.6631226582407953,COVID-19,1.0,0,0
2025-02-23,0,0.0,0.0,0.0,0.0,0.0,,0.0,,,,0.8229838658936564,0.5680647467311559,COVID-19,1.0,0,0
2025-03-02,0,0.0,0.0,0.0,0.0,0.0,,0.0,,,,0.8854560256532099,0.4647231720437686,COVID-19,1.0,0,0
2025-03-09,0,0.0,0.0,0.0,0.0,0.0,,0.0,,,,0.9350162426854148,0.35460488704253557,COVID-19,1.0,0,0
2025-03-16,0,0.0,0.0,0.0,0.0,0.0,,0.0,,,,0.970941817426052,0.23931566428755804,COVID-19,1.0,0,0
2025-03-23,0,0.0,0.0,0.0,0.0,0.0,,0.0,,,,0.992708874098054,0.120536680255323,COVID-19,1.0,0,0
2025-03-30,0,0.0,0.0,0.0,0.0,0.0,,0.0,,,,1.0,-1.6081226496766364e-16,COVID-19,1.0,0,0
2025-04-06,0,0.0,0.0,0.0,0.0,0.0,,0.0,,,,0.992708874098054,-0.12053668025532288,COVID-19,1.0,0,0
2025-04-13,0,0.0,0.0,0.0,0.0,0.0,,0.0,,,,0.9709418174260521,-0.2393156642875575,COVID-19,1.0,0,0
2025-04-20,0,0.0,0.0,0.0,0.0,0.0,,0.0,,,,0.9350162426854148,-0.35460488704253545,COVID-19,1.0,0,0
2025-04-27,0,0.0,0.0,0.0,0.0,0.0,,0.0,,,,0.8854560256532099,-0.4647231720437685,COVID-19,1.0,0,0
2025-05-04,0,0.0,0.0,0.0,0.0,0.0,,0.0,,,,0.8229838658936565,-0.5680647467311557,COVID-19,1.0,0,0
2025-05-11,0,0.0,0.0,0.0,0.0,0.0,,0.0,,,,0.7485107481711013,-0.663122658240795,COVID-19,1.0,0,0
2025-05-18,0,0.0,0.0,0.0,0.0,0.0,,0.0,,,,0.6631226582407952,-0.7485107481711012,COVID-19,1.0,0,0
2025-05-25,0,0.0,0.0,0.0,0.0,0.0,,0.0,,,,0.5680647467311558,-0.8229838658936564,COVID-19,1.0,0,0
2025-06-01,0,0.0,0.0,0.0,0.0,0.0,,0.0,,,,0.46472317204376906,-0.8854560256532096,COVID-19,1.0,0,0
2025-06-08,0,0.0,0.0,0.0,0.0,0.0,,0.0,,,,0.35460488704253584,-0.9350162426854147,COVID-19,1.0,0,0
2025-06-15,0,0.0,0.0,0.0,0.0,0.0,,0.0,,,,0.23931566428755768,-0.970941817426052,COVID-19,1.0,0,0
2025-06-22,0,0.0,0.0,0.0,0.0,0.0,,0.0,,,,0.12053668025532308,-0.992708874098054,COVID-19,1.0,0,0
2025-06-29,0,0.0,0.0,0.0,0.0,0.0,,0.0,,,,-3.216245299353273e-16,-1.0,COVID-19,1.0,0,0
2025-07-06,0,0.0,0.0,0.0,0.0,0.0,,0.0,,,,-0.12053668025532283,-0.992708874098054,COVID-19,1.0,0,0
2025-07-13,0,0.0,0.0,0.0,0.0,0.0,,0.0,,,,-0.23931566428755743,-0.9709418174260521,COVID-19,1.0,0,0
2025-07-20,0,0.0,0.0,0.0,0.0,0.0,,0.0,,,,-0.3546048870425356,-0.9350162426854148,COVID-19,1.0,0,0
2025-07-27,0,0.0,0.0,0.0,0.0,0.0,,0.0,,,,-0.46472317204376806,-0.8854560256532101,COVID-19,1.0,0,0
2025-08-03,0,0.0,0.0,0.0,0.0,0.0,,0.0,,,,-0.5680647467311556,-0.8229838658936565,COVID-19,1.0,0,0
2025-08-10,0,0.0,0.0,0.0,0.0,0.0,,0.0,,,,-0.663122658240795,-0.7485107481711013,COVID-19,1.0,0,0
2025-08-17,0,0.0,0.0,0.0,0.0,0.0,,0.0,,,,-0.7485107481711011,-0.6631226582407952,COVID-19,1.0,0,0
2025-08-24,0,0.0,0.0,0.0,0.0,0.0,,0.0,,,,-0.8229838658936564,-0.5680647467311559,COVID-19,1.0,0,0
2025-08-31,0,0.0,0.0,0.0,0.0,0.0,,0.0,,,,-0.8854560256532096,-0.4647231720437691,COVID-19,1.0,0,0
2025-09-07,0,0.0,0.0,0.0,0.0,0.0,,0.0,,,,-0.9350162426854147,-0.3546048870425359,COVID-19,1.0,0,0
2025-09-14,0,0.0,0.0,0.0,0.0,0.0,,0.0,,,,-0.970941817426052,-0.23931566428755774,COVID-19,1.0,0,0
2025-09-21,0,0.0,0.0,0.0,0.0,0.0,,0.0,,,,-0.992708874098054,-0.12053668025532357,COVID-19,1.0,0,0
2025-09-28,0,0.0,0.0,0.0,0.0,0.0,,0.0,,,,-1.0,-1.8369701987210297e-16,COVID-19,1.0,0,0
2025-10-05,0,0.0,0.0,0.0,0.0,0.0,,0.0,,,,-0.992708874098054,0.1205366802553232,COVID-19,1.0,0,0
2025-10-12,0,0.0,0.0,0.0,0.0,0.0,,0.0,,,,-0.9709418174260521,0.23931566428755738,COVID-19,1.0,0,0
2025-10-19,0,0.0,0.0,0.0,0.0,0.0,,0.0,,,,-0.9350162426854148,0.35460488704253557,COVID-19,1.0,0,0
2025-10-26,0,0.0,0.0,0.0,0.0,0.0,,0.0,,,,-0.8854560256532101,0.464723172043768,COVID-19,1.0,0,0
2025-11-02,0,0.0,0.0,0.0,0.0,0.0,,0.0,,,,-0.822983865893657,0.5680647467311548,COVID-19,1.0,0,0
2025-11-09,0,0.0,0.0,0.0,0.0,0.0,,0.0,,,,-0.7485107481711011,0.6631226582407952,COVID-19,1.0,0,0
2025-11-16,0,0.0,0.0,0.0,0.0,0.0,,0.0,,,,-0.6631226582407955,0.7485107481711007,COVID-19,1.0,0,0
2025-11-23,0,0.0,0.0,0.0,0.0,0.0,,0.0,,,,-0.5680647467311559,0.8229838658936564,COVID-19,1.0,0,0
2025-11-30,0,0.0,0.0,0.0,0.0,0.0,,0.0,,,,-0.4647231720437684,0.88545602565321,COVID-19,1.0,0,0
2025-12-07,0,0.0,0.0,0.0,0.0,0.0,,0.0,,,,-0.35460488704253595,0.9350162426854147,COVID-19,1.0,0,0
2025-12-14,0,0.0,0.0,0.0,0.0,0.0,,0.0,,,,-0.2393156642875578,0.970941817426052,COVID-19,1.0,0,0
2025-12-21,0,0.0,0.0,0.0,0.0,0.0,,0.0,,,,-0.12053668025532363,0.992708874098054,COVID-19,1.0,0,0
2025-12-28,0,0.0,0.0,0.0,0.0,0.0,,0.0,,,,6.432490598706546e-16,1.0,COVID-19,1.0,0,0
2026-01-04,0,0.0,0.0,0.0,0.0,0.0,,0.0,,,,0.12053668025532305,0.992708874098054,COVID-19,1.0,0,0
2026-01-11,0,0.0,0.0,0.0,0.0,0.0,,0.0,,,,0.23931566428755774,0.970941817426052,COVID-19,1.0,0,0
2026-01-18,0,0.0,0.0,0.0,0.0,0.0,,0.0,,,,0.3546048870425356,0.9350162426854148,COVID-19,1.0,0,0
